<?xml version="1.0" encoding="UTF-8"?>

<!--
Gant - A Groovy way of scripting Ant tasks.

Copyright © 2007,2010 Russel Winder.

Licensed under the Apache License, Version 2.0 (the "License"); you may not use this file except in
compliance with the License.  You may obtain a copy of the License at

    http://www.apache.org/licenses/LICENSE-2.0

Unless required by applicable law or agreed to in writing, software distributed under the License is
distributed on an "AS IS" BASIS, WITHOUT WARRANTIES OR CONDITIONS OF ANY KIND, either express or
implied. See the License for the specific language governing permissions and limitations under the
License.

Author : Russel Winder <russel@winder.org.uk>
-->

<project name="${project.name}">
  
  <bannerLeft>
    <name>Groovy</name>
    <src>http://media.xircles.codehaus.org/_projects/groovy/_logos/medium.png</src>
    <href>http://groovy.codehaus.org</href>
  </bannerLeft>

  <bannerRight>
    <name>Codehaus</name>
    <src>http://mojo.codehaus.org/images/codehaus-small.png</src>
    <href>http://codehaus.org</href>
  </bannerRight>

  <publishDate format="yyyy-MM-dd" position="left"/>

  <version position="left"/>
  
  <body>
    <links>
      <item name="Gant" href="http://groovy.codehaus.org/Gant/"/>
      <item name="Groovy" href="http://groovy.codehaus.org/"/>
    </links>

    ${parentProject}

    <menu name="Overview">
      <item name="Introduction" href="index.html"/>
    </menu>
    
    ${modules}
    
    ${reports}
  </body>
</project>
